cluster_id,representative,size,members
5,CGCGCG,17,"CGCGCG,CGAGCG,GGCGCG,CCCGCG,CGCCCG,CGCGCC,CGCTCG,CGCGGG,CGGGCG,AGCGCG,CTCGCG,CGCGAG,CGCGCA,CGCGCT,CACGCG,TGCGCG,CGCACG"
2,CGCCGC,16,"CGCCGC,CGCGGC,CGGCGC,CGCCGG,CCCCGC,CGCCCC,GGCCGC,CGCCGA,CGTCGC,CTCCGC,AGCCGC,CGCAGC,CGCCGT,CGCTGC,TGCCGC,CGCCTC"
1,CCGCCG,13,"CCGCCG,CGGCCG,ACGCCG,CCGCGG,CCGGCG,GCGCCG,CCGCCC,CCCCCG,TCGCCG,CCGTCG,CCTCCG,CTGCCG,CCGCAG"
4,GCGGCG,12,"GCGGCG,GCCGCG,GCGGCC,GCGGGG,GGGGCG,TCGGCG,GAGGCG,GCGGCT,GCGTCG,ACGGCG,GCGGAG,GCAGCG"
6,CCGCGC,12,"CCGCGC,GCGCGC,TCGCGC,ACGCGC,CCGCGA,CCTCGC,CCGCTC,CCGGGC,CCGAGC,CCGCGT,CTGCGC,CAGCGC"
3,CGGCGG,10,"CGGCGG,GGGCGG,CGGCGA,CGGGGG,CGTCGG,AGGCGG,CGGCGT,CGACGG,TGGCGG,CAGCGG"
8,GGCGGC,10,"GGCGGC,GGCGGG,AGCGGC,GGCGGT,GGCGGA,GGCGTC,TGCGGC,GACGGC,GGGGGC,GTCGGC"
9,GCGCGG,10,"GCGCGG,GCGCGA,ACGCGG,GCGCGT,TCGCGG,GCGCAG,GCCCGG,GAGCGG,GCGCTG,GCGAGG"
7,GCCGCC,9,"GCCGCC,CCCGCC,GCCGGC,GGCGCC,GCCGCT,GCCGCA,GCCCCC,GACGCC,GTCGCC"
28,GGGCGC,6,"GGGCGC,GGGCGA,GAGCGC,AGGCGC,GGACGC,TGGCGC"
13,GCCCCG,5,"GCCCCG,GGCCCG,GTCCCG,TCCCCG,GCTCCG"
12,CGGGGC,4,"CGGGGC,CGGGCC,CGGGGA,CGGAGC"
34,CGGTCG,4,"CGGTCG,CGATCG,CGTTCG,CGGACG"
27,GCCGGG,3,"GCCGGG,GCCGGA,GCCGGT"
20,CCGGGG,3,"CCGGGG,CCCGGG,CCGGAG"
19,TCCGCG,3,"TCCGCG,TTCGCG,ACCGCG"
21,GACGCG,3,"GACGCG,GTCGCG,AACGCG"
11,CGCGAA,3,"CGCGAA,CGCGGA,CGCGAC"
10,GCGAGC,2,"GCGAGC,GCGGGC"
17,GCTCGC,2,"GCTCGC,GCCCGC"
16,GGGCCG,2,"GGGCCG,GAGCCG"
18,GGCCGG,2,"GGCCGG,AGCCGG"
15,CGCGTC,2,"CGCGTC,CGCGTT"
22,GCGTCC,2,"GCGTCC,GCGCCC"
24,GCGCTC,2,"GCGCTC,GCGCTA"
25,TCCCGC,2,"TCCCGC,TCCCGG"
36,GGCGCT,2,"GGCGCT,GGCGCA"
32,TCGCGA,2,"TCGCGA,TCGCGT"
14,CGGCCC,2,"CGGCCC,CGTCCC"
48,CCCCGG,2,"CCCCGG,CTCCGG"
46,CGCTAG,2,"CGCTAG,CGCCAG"
44,GCGGAC,2,"GCGGAC,GCGGAA"
23,CCCGGC,1,CCCGGC
29,GGCGAG,1,GGCGAG
26,CGCTCC,1,CGCTCC
33,GCGAAG,1,GCGAAG
31,CCGGCC,1,CCGGCC
37,TCGTCG,1,TCGTCG
38,CGCCCT,1,CGCCCT
40,CGAGCC,1,CGAGCC
39,AGGGCG,1,AGGGCG
41,CGCGGT,1,CGCGGT
42,GGAGCG,1,GGAGCG
35,TAGCGC,1,TAGCGC
30,CTCGCC,1,CTCGCC
45,CCCTCG,1,CCCTCG
43,AGCTCG,1,AGCTCG
47,CGGAAC,1,CGGAAC
49,GTCCGC,1,GTCCGC
50,GCCGAA,1,GCCGAA
51,CGAAGC,1,CGAAGC
52,GCGGGA,1,GCGGGA
53,TCGCCC,1,TCGCCC
54,CCCGCT,1,CCCGCT
55,CGACCG,1,CGACCG
56,CTCCCG,1,CTCCCG
57,CGAGGG,1,CGAGGG
58,ATCGCG,1,ATCGCG
59,AAGCGG,1,AAGCGG
60,GGCCCC,1,GGCCCC
61,CCGGAT,1,CCGGAT
